{"Epoch": 0, "Train-Loss": 0.4808671772480011, "Test-Loss": 0.2630757987499237, "Train-Acc": 0.8666559457778931, "Test-Acc": 0.9241275787353516, "Data-Used": 5599, "0-Used": 51827, "1-Used": 49729, "2-Used": 51595, "3-Used": 51078, "4-Used": 50985, "5-Used": 51070, "6-Used": 51145, "7-Used": 51022, "8-Used": 50623, "9-Used": 50471, "_timestamp": 1649175107, "_runtime": 168, "_step": 0, "_wandb": {"runtime": 184}}