{"Epoch": 0, "Train-Loss": 0.48271462321281433, "Test-Loss": 0.25119248032569885, "Train-Acc": 0.8731954097747803, "Test-Acc": 0.926630437374115, "Data-Used": 55994, "0-Used": 5514, "1-Used": 6314, "2-Used": 5599, "3-Used": 5707, "4-Used": 5431, "5-Used": 5058, "6-Used": 5516, "7-Used": 5840, "8-Used": 5484, "9-Used": 5531, "_timestamp": 1649170927, "_runtime": 154, "_step": 0, "_wandb": {"runtime": 271}}