{"Epoch": 0, "Train-Loss": 0.5023709535598755, "Test-Loss": 0.2604348659515381, "Train-Acc": 0.8648069500923157, "Test-Acc": 0.9239611625671387, "Data-Used": 5599, "0-Used": 1292, "1-Used": 143, "2-Used": 1152, "3-Used": 603, "4-Used": 431, "5-Used": 132, "6-Used": 820, "7-Used": 904, "8-Used": 112, "9-Used": 10, "_timestamp": 1649241441, "_runtime": 200, "_step": 0, "_wandb": {"runtime": 218}}