{"Epoch": 0, "Train-Loss": 0.47628986835479736, "Test-Loss": 0.2658146321773529, "Train-Acc": 0.8731828331947327, "Test-Acc": 0.9215336441993713, "Data-Used": 5599, "Loss-Avg-['0', '1', '2', '3', '4', '5', '6', '7', '8', '9']": 0.28314724387776546, "Loss-Var-['0', '1', '2', '3', '4', '5', '6', '7', '8', '9']": 0.44255245964168405, "Score-Avg-['0', '1', '2', '3', '4', '5', '6', '7', '8', '9']": 0.28314724387776546, "Score-Var-['0', '1', '2', '3', '4', '5', '6', '7', '8', '9']": 0.44255245964168405, "Rank-Avg-['0', '1', '2', '3', '4', '5', '6', '7', '8', '9']": 2434.6119828815977, "Rank-Var['0', '1', '2', '3', '4', '5', '6', '7', '8', '9']": 2536843.5638249014, "_timestamp": 1649334122, "_runtime": 305, "_step": 0, "_wandb": {"runtime": 329}}