{"Epoch": 0, "Train-Loss": 0.4857829809188843, "Test-Loss": 0.265903115272522, "Train-Acc": 0.8661820888519287, "Test-Acc": 0.9203912615776062, "Data-Used": 5599, "Loss-Avg-['0', '1', '2', '3', '4', '5', '6', '7', '8', '9']": 0.2896070669911903, "Loss-Var-['0', '1', '2', '3', '4', '5', '6', '7', '8', '9']": 0.5002743363110668, "Score-Avg-['0', '1', '2', '3', '4', '5', '6', '7', '8', '9']": 0.2896070669911903, "Score-Var-['0', '1', '2', '3', '4', '5', '6', '7', '8', '9']": 0.5002743363110668, "Rank-Avg-['0', '1', '2', '3', '4', '5', '6', '7', '8', '9']": 2632.364566929134, "Rank-Var['0', '1', '2', '3', '4', '5', '6', '7', '8', '9']": 2571682.5738420105, "_timestamp": 1649249445, "_runtime": 186, "_step": 0}