{"Epoch": 1, "Train-Loss": 0.25231075286865234, "Test-Loss": 0.24921855330467224, "Train-Acc": 0.9215158224105835, "Test-Acc": 0.9271309971809387, "Data-Used": 7464.0, "0-Used": 5514, "1-Used": 6314, "2-Used": 5599, "3-Used": 5707, "4-Used": 5431, "5-Used": 5058, "6-Used": 5516, "7-Used": 5840, "8-Used": 5484, "9-Used": 5531, "_timestamp": 1649166454, "_runtime": 186, "_step": 1, "_wandb": {"runtime": 202}}