{"Epoch": 4, "Train-Loss": 0.1483338326215744, "Test-Loss": 0.23001302778720856, "Train-Acc": 0.9595264196395874, "Test-Acc": 0.9322433471679688, "Data-Used": 25491, "Loss-Avg-['0', '1', '2', '3', '4', '5', '6', '7', '8', '9']": 0.061638360744178354, "Loss-Var-['0', '1', '2', '3', '4', '5', '6', '7', '8', '9']": 0.15247156700293005, "Score-Avg-['0', '1', '2', '3', '4', '5', '6', '7', '8', '9']": -0.02495834961651085, "Score-Var-['0', '1', '2', '3', '4', '5', '6', '7', '8', '9']": 0.01914835801336317, "Rank-Avg-['0', '1', '2', '3', '4', '5', '6', '7', '8', '9']": 6516.771929824561, "Rank-Var['0', '1', '2', '3', '4', '5', '6', '7', '8', '9']": 14203340.22199009, "_timestamp": 1649253798, "_runtime": 737, "_step": 4, "_wandb": {"runtime": 749}}