{"Epoch": 29, "Train-Loss": 0.044253576546907425, "Test-Loss": 0.2113771140575409, "Train-Acc": 0.9871950745582581, "Test-Acc": 0.9360274076461792, "Data-Used": 55994, "Loss-Avg-0": 0.02615723673845809, "Loss-Avg-1": 0.030477685281888274, "Loss-Avg-2": 0.04456073773928432, "Loss-Avg-3": 0.05741966641251236, "Loss-Avg-4": 0.03838419185602578, "Loss-Avg-5": 0.05070309474462761, "Loss-Avg-6": 0.026474099651154975, "Loss-Avg-7": 0.04325333547575556, "Loss-Avg-8": 0.0617342040755917, "Loss-Avg-9": 0.062231178335614784, "Loss-Var-0": 0.056188423575834215, "Loss-Var-1": 0.1136708992332622, "Loss-Var-2": 0.10436246652293499, "Loss-Var-3": 0.1443468294412698, "Loss-Var-4": 0.1090779031013676, "Loss-Var-5": 0.11725225788208432, "Loss-Var-6": 0.044309568521468466, "Loss-Var-7": 0.07425528278712894, "Loss-Var-8": 0.11147227981866228, "Loss-Var-9": 0.12250620656400184, "Score-Avg-0": -0.03034479574446813, "Score-Avg-1": -0.033724994051899104, "Score-Avg-2": -0.03225486601772486, "Score-Avg-3": -0.0353038593720732, "Score-Avg-4": -0.030408450599159864, "Score-Avg-5": -0.025103046397216687, "Score-Avg-6": -0.029207307344757006, "Score-Avg-7": -0.030000613359913594, "Score-Avg-8": -0.026211375203699115, "Score-Avg-9": -0.027765711548475593, "Score-Var-0": 0.03572124244557573, "Score-Var-1": 0.04152648798465977, "Score-Var-2": 0.04597229913008951, "Score-Var-3": 0.04904993335731541, "Score-Var-4": 0.04083168893398378, "Score-Var-5": 0.032094766539038776, "Score-Var-6": 0.03761441789892844, "Score-Var-7": 0.037203862460533435, "Score-Var-8": 0.03350660680190993, "Score-Var-9": 0.03208640334216231, "Rank-Avg-0": 27589.60953935437, "Rank-Avg-1": 27723.44868546088, "Rank-Avg-2": 27910.713163064833, "Rank-Avg-3": 27920.983178552655, "Rank-Avg-4": 28008.24838887866, "Rank-Avg-5": 28340.047449584818, "Rank-Avg-6": 27918.94053662074, "Rank-Avg-7": 28132.041438356166, "Rank-Avg-8": 28366.657549234136, "Rank-Avg-9": 28120.126559392516, "Rank-Var0": 251685979.3655611, "Rank-Var1": 258165981.1699468, "Rank-Var2": 254766069.23639512, "Rank-Var3": 265440251.6548169, "Rank-Var4": 261966701.12411112, "Rank-Var5": 266957297.30207872, "Rank-Var6": 254466313.52973637, "Rank-Var7": 254754803.78968522, "Rank-Var8": 269102539.8670212, "Rank-Var9": 276661118.1912131, "_timestamp": 1649341280, "_runtime": 5829, "_step": 29, "_wandb": {"runtime": 5837}}