{"Epoch": 0, "Train-Loss": 0.5102077126502991, "Test-Loss": 0.2635057866573334, "Train-Acc": 0.8626000285148621, "Test-Acc": 0.9200515151023865, "Data-Used": 55994, "0-Used": 5514, "1-Used": 6314, "2-Used": 5599, "3-Used": 5707, "4-Used": 5431, "5-Used": 5058, "6-Used": 5516, "7-Used": 5840, "8-Used": 5484, "9-Used": 5531, "_timestamp": 1649171213, "_runtime": 155, "_step": 0, "_wandb": {"runtime": 252}}