{"Epoch": 0, "Train-Loss": 0.5043448209762573, "Test-Loss": 0.28122183680534363, "Train-Acc": 0.8576508164405823, "Test-Acc": 0.9155463576316833, "Data-Used": 55994, "0-Used": 5514, "1-Used": 6314, "2-Used": 5599, "3-Used": 5707, "4-Used": 5431, "5-Used": 5058, "6-Used": 5516, "7-Used": 5840, "8-Used": 5484, "9-Used": 5531, "_timestamp": 1649173306, "_runtime": 155, "_step": 0, "_wandb": {"runtime": 174}}