{"Epoch": 20, "Train-Loss": 0.05548069253563881, "Test-Loss": 0.07912644743919373, "Train-Acc": 0.9831563234329224, "Test-Acc": 0.977295458316803, "Data-Used": 45926, "0-Used": 4676, "1-Used": 5080, "2-Used": 4703, "3-Used": 4661, "4-Used": 4481, "5-Used": 4105, "6-Used": 4539, "7-Used": 4849, "8-Used": 4410, "9-Used": 4422, "_timestamp": 1649238406, "_runtime": 3486, "_step": 20, "_wandb": {"runtime": 3572}}