{"Epoch": 2, "Train-Loss": 0.10044937580823898, "Test-Loss": 0.2630162835121155, "Train-Acc": 0.9802631735801697, "Test-Acc": 0.9225332140922546, "Data-Used": 18357, "0-Used": 2410, "1-Used": 1521, "2-Used": 2194, "3-Used": 1885, "4-Used": 1757, "5-Used": 1443, "6-Used": 1994, "7-Used": 2007, "8-Used": 1569, "9-Used": 1577, "_timestamp": 1649239287, "_runtime": 310, "_step": 2, "_wandb": {"runtime": 352}}