{"Epoch": 0, "Train-Loss": 0.48028481006622314, "Test-Loss": 0.258797824382782, "Train-Acc": 0.869586169719696, "Test-Acc": 0.9248426556587219, "Data-Used": 5598.0, "0-Used": 5514, "1-Used": 6314, "2-Used": 5599, "3-Used": 5707, "4-Used": 5431, "5-Used": 5058, "6-Used": 5516, "7-Used": 5840, "8-Used": 5484, "9-Used": 5531, "_timestamp": 1649164722, "_runtime": 227, "_step": 0, "_wandb": {"runtime": 229}}