{"Epoch": 1, "Train-Loss": 0.0019677462987601757, "Test-Loss": 0.2530427873134613, "Train-Acc": 0.9998214244842529, "Test-Acc": 0.9243181347846985, "Data-Used": 12760, "0-Used": 1914, "1-Used": 765, "2-Used": 1671, "3-Used": 1327, "4-Used": 1188, "5-Used": 906, "6-Used": 1351, "7-Used": 1627, "8-Used": 992, "9-Used": 1019, "_timestamp": 1649240205, "_runtime": 237, "_step": 1, "_wandb": {"runtime": 238}}