{"Epoch": 0, "Train-Loss": 0.4770074486732483, "Test-Loss": 0.26489904522895813, "Train-Acc": 0.8696398138999939, "Test-Acc": 0.9227688908576965, "Data-Used": 5599, "0-Used": 1430, "1-Used": 95, "2-Used": 1074, "3-Used": 710, "4-Used": 444, "5-Used": 182, "6-Used": 672, "7-Used": 830, "8-Used": 153, "9-Used": 9, "_timestamp": 1649177570, "_runtime": 153, "_step": 0, "_wandb": {"runtime": 189}}