{"Epoch": 3, "Train-Loss": 0.21233542263507843, "Test-Loss": 0.2348901927471161, "Train-Acc": 0.9350385069847107, "Test-Acc": 0.9295302033424377, "Data-Used": 11198, "Loss-Avg-['0', '1', '2', '3', '4', '5', '6', '7', '8', '9']": 0.09149566895134931, "Loss-Var-['0', '1', '2', '3', '4', '5', '6', '7', '8', '9']": 0.21583538923640197, "Score-Avg-['0', '1', '2', '3', '4', '5', '6', '7', '8', '9']": -0.024241749950311815, "Score-Var-['0', '1', '2', '3', '4', '5', '6', '7', '8', '9']": 0.013678059977279593, "Rank-Avg-['0', '1', '2', '3', '4', '5', '6', '7', '8', '9']": 5406.279854147676, "Rank-Var['0', '1', '2', '3', '4', '5', '6', '7', '8', '9']": 9639066.84040582, "_timestamp": 1649254720, "_runtime": 566, "_step": 3, "_wandb": {"runtime": 601}}