{"Epoch": 21, "Train-Loss": 1.9985904693603516, "Test-Loss": 2.141282558441162, "Train-Acc": 0.515625, "Test-Acc": 0.3307846188545227, "Data-Used": 56, "Loss-Avg-0": 1.6765182668512517, "Loss-Avg-1": 2.1870868802070618, "Loss-Avg-2": 2.189331531524658, "Loss-Avg-3": 1.6940476894378662, "Loss-Avg-4": 2.432328939437866, "Loss-Avg-5": 2.389251947402954, "Loss-Avg-6": 1.9750112295150757, "Loss-Avg-7": 2.136976897716522, "Loss-Avg-8": 2.174103307723999, "Loss-Avg-9": 1.9742977448872157, "Loss-Var-0": 0.012984729499823867, "Loss-Var-1": 0.004150930895941467, "Loss-Var-2": 0.009290374730397843, "Loss-Var-3": 0.005653399390229907, "Loss-Var-4": 0.0026091494617617172, "Loss-Var-5": 0.0006110102186767108, "Loss-Var-6": 0.004607323224965805, "Loss-Var-7": 0.019254797963912194, "Loss-Var-8": 0.009555459051864544, "Loss-Var-9": 0.006406830874811119, "Score-Avg-0": -0.01021086126565933, "Score-Avg-1": -0.001625197689707686, "Score-Avg-2": -0.005889659836178733, "Score-Avg-3": -0.00424356801169259, "Score-Avg-4": -0.004864037036895749, "Score-Avg-5": 0.0002129297507436651, "Score-Avg-6": -0.006513739887036774, "Score-Avg-7": -0.0020025086899598432, "Score-Avg-8": -0.00032052040100097643, "Score-Avg-9": -0.00034040717755333877, "Score-Var-0": 0.0020479527704240566, "Score-Var-1": 2.9550154521417193e-05, "Score-Var-2": 0.0009808006405145331, "Score-Var-3": 0.00015102717624778042, "Score-Var-4": 0.00040986630363535714, "Score-Var-5": 1.7228849925668552e-06, "Score-Var-6": 0.0002655377604131393, "Score-Var-7": 4.896018900705524e-05, "Score-Var-8": 7.956258662753324e-06, "Score-Var-9": 0.00014949987534645435, "Rank-Avg-0": 25.0, "Rank-Avg-1": 35.833333333333336, "Rank-Avg-2": 21.5, "Rank-Avg-3": 26.571428571428573, "Rank-Avg-4": 15.0, "Rank-Avg-5": 51.0, "Rank-Avg-6": 16.571428571428573, "Rank-Avg-7": 33.888888888888886, "Rank-Avg-8": 34.5, "Rank-Avg-9": 33.857142857142854, "Rank-Var0": 440.2857142857143, "Rank-Var1": 169.76666666666665, "Rank-Var2": 376.3333333333333, "Rank-Var3": 217.61904761904762, "Rank-Var4": 122.0, "Rank-Var5": NaN, "Rank-Var6": 190.2857142857143, "Rank-Var7": 168.11111111111111, "Rank-Var8": 84.5, "Rank-Var9": 278.4761904761905, "_timestamp": 1650551261, "_runtime": 331, "_step": 21, "_wandb": {"runtime": 332}}