{"Epoch": 0, "Train-Loss": 0.5087030529975891, "Test-Loss": 0.2601405382156372, "Train-Acc": 0.8613314628601074, "Test-Acc": 0.9223397970199585, "Data-Used": 5599, "0-Used": 1017, "1-Used": 279, "2-Used": 1187, "3-Used": 667, "4-Used": 427, "5-Used": 161, "6-Used": 777, "7-Used": 951, "8-Used": 129, "9-Used": 4, "_timestamp": 1649175768, "_runtime": 163, "_step": 0, "_wandb": {"runtime": 197}}