{"Epoch": 0, "Train-Loss": 0.4724116325378418, "Test-Loss": 0.25284209847450256, "Train-Acc": 0.8730167150497437, "Test-Acc": 0.925128698348999, "Data-Used": 5599, "0-Used": 1579, "1-Used": 104, "2-Used": 1151, "3-Used": 571, "4-Used": 357, "5-Used": 129, "6-Used": 581, "7-Used": 985, "8-Used": 129, "9-Used": 13, "_timestamp": 1649177037, "_runtime": 153, "_step": 0, "_wandb": {"runtime": 264}}