{"Epoch": 0, "Train-Loss": 0.4766899347305298, "Test-Loss": 0.2691064774990082, "Train-Acc": 0.8708369135856628, "Test-Acc": 0.9204805493354797, "Data-Used": 5598.0, "0-Used": 5514, "1-Used": 6314, "2-Used": 5599, "3-Used": 5707, "4-Used": 5431, "5-Used": 5058, "6-Used": 5516, "7-Used": 5840, "8-Used": 5484, "9-Used": 5531, "_timestamp": 1649164406, "_runtime": 299, "_step": 0, "_wandb": {"runtime": 301}}