{"Epoch": 1, "Train-Loss": 0.0012992603005841374, "Test-Loss": 0.2702358663082123, "Train-Acc": 1.0, "Test-Acc": 0.9181064963340759, "Data-Used": 12724, "Loss-Avg-['0', '1', '2', '3', '4', '5', '6', '7', '8', '9']": 0.0006225298465490685, "Loss-Var-['0', '1', '2', '3', '4', '5', '6', '7', '8', '9']": 9.73121041748256e-07, "Score-Avg-['0', '1', '2', '3', '4', '5', '6', '7', '8', '9']": -4.39580953067643e-05, "Score-Var-['0', '1', '2', '3', '4', '5', '6', '7', '8', '9']": 3.7279695490056386e-07, "Rank-Avg-['0', '1', '2', '3', '4', '5', '6', '7', '8', '9']": 3299.4747474747473, "Rank-Var['0', '1', '2', '3', '4', '5', '6', '7', '8', '9']": 4580604.708467474, "_timestamp": 1649250005, "_runtime": 260, "_step": 1, "_wandb": {"runtime": 264}}