{"Epoch": 1, "Train-Loss": 0.0015287877758964896, "Test-Loss": 0.26899489760398865, "Train-Acc": 1.0, "Test-Acc": 0.9203198552131653, "Data-Used": 12768, "Loss-Avg-['0', '1', '2', '3', '4', '5', '6', '7', '8', '9']": 0.0009146198684342303, "Loss-Var-['0', '1', '2', '3', '4', '5', '6', '7', '8', '9']": 1.1151329284584677e-06, "Score-Avg-['0', '1', '2', '3', '4', '5', '6', '7', '8', '9']": -3.75312113195271e-05, "Score-Var-['0', '1', '2', '3', '4', '5', '6', '7', '8', '9']": 3.5070982869276305e-07, "Rank-Avg-['0', '1', '2', '3', '4', '5', '6', '7', '8', '9']": 3302.423931623932, "Rank-Var['0', '1', '2', '3', '4', '5', '6', '7', '8', '9']": 4997803.809700269, "_timestamp": 1649246849, "_runtime": 264, "_step": 1, "_wandb": {"runtime": 270}}