{"Epoch": 0, "Train-Loss": 0.49168336391448975, "Test-Loss": 0.25292906165122986, "Train-Acc": 0.8656017780303955, "Test-Acc": 0.9257723093032837, "Data-Used": 5598.0, "Class-Used": [5514, 6314, 5599, 5707, 5431, 5058, 5516, 5840, 5484, 5531], "_timestamp": 1649162532, "_runtime": 155, "_step": 0, "_wandb": {"runtime": 157}}