{"Epoch": 1, "Train-Loss": 0.0012161021586507559, "Test-Loss": 0.25414690375328064, "Train-Acc": 1.0, "Test-Acc": 0.9245323538780212, "Data-Used": 12731, "Loss-Avg-['0', '1', '2', '3', '4', '5', '6', '7', '8', '9']": 0.000637263739250096, "Loss-Var-['0', '1', '2', '3', '4', '5', '6', '7', '8', '9']": 7.481057505865624e-07, "Score-Avg-['0', '1', '2', '3', '4', '5', '6', '7', '8', '9']": -2.07546801529005e-05, "Score-Var-['0', '1', '2', '3', '4', '5', '6', '7', '8', '9']": 3.7138589496728836e-07, "Rank-Avg-['0', '1', '2', '3', '4', '5', '6', '7', '8', '9']": 3296.702564102564, "Rank-Var['0', '1', '2', '3', '4', '5', '6', '7', '8', '9']": 4553386.048366702, "_timestamp": 1649248340, "_runtime": 273, "_step": 1, "_wandb": {"runtime": 277}}