{"Epoch": 0, "Train-Loss": 0.4779196083545685, "Test-Loss": 0.25553783774375916, "Train-Acc": 0.868281900882721, "Test-Acc": 0.9258438348770142, "Data-Used": 5598.0, "0-Used": 5514, "1-Used": 6314, "2-Used": 5599, "3-Used": 5707, "4-Used": 5431, "5-Used": 5058, "6-Used": 5516, "7-Used": 5840, "8-Used": 5484, "9-Used": 5531, "_timestamp": 1649165270, "_runtime": 230, "_step": 0, "_wandb": {"runtime": 232}}